Column1,excipient_name,excipient_id,inchi
0,TITANIUM DIOXIDE,1,InChI=1S/2O.Ti
1,MANNITOL,2,"InChI=1S/C6H14O6/c7-1-3(9)5(11)6(12)4(10)2-8/h3-12H,1-2H2/t3-,4-,5-,6-/m1/s1"
2,LACTOSE MONOHYDRATE,3,"InChI=1S/C12H22O11.H2O/c13-1-3-5(15)6(16)9(19)12(22-3)23-10-4(2-14)21-11(20)8(18)7(10)17;/h3-20H,1-2H2;1H2/t3-,4-,5+,6+,7-,8-,9-,10-,11+,12+;/m1./s1"
3,HYPROMELLOSE,4,
4,MAGNESIUM STEARATE,5,"InChI=1S/2C18H36O2.Mg/c2*1-2-3-4-5-6-7-8-9-10-11-12-13-14-15-16-17-18(19)20;/h2*2-17H2,1H3,(H,19,20);/q;;+2/p-2"
5,HYDROXYPROPYLCELLULOSE,6,
6,SODIUM STARCH GLYCOLATE,7,
7,GLYCEROL TRIACETATE,8,"InChI=1S/C9H14O6/c1-6(10)13-4-9(15-8(3)12)5-14-7(2)11/h9H,4-5H2,1-3H3"
8,IRON OXIDE,9,InChI=1S/2Fe.3O
9,MICROCRYSTALLINE CELLULOSE,10,
10,POLYETHYLENE GLYCOL,11,
11,TALC,12,InChI=1S/3Mg.2HO3Si.2O3Si/c;;;4*1-4(2)3/h;;;2*1H;;/q3*+2;2*-1;2*-2
12,"SILICON DIOXIDE, ANHYDROUS",13,
13,INDIGO CARMINE,14,"InChI=1S/C16H10N2O8S2.2Na/c19-15-9-5-7(27(21,22)23)1-3-11(9)17-13(15)14-16(20)10-6-8(28(24,25)26)2-4-12(10)18-14;;/h1-6,17,19H,(H,21,22,23)(H,24,25,26);;/q;2*+1/p-2"
14,MAIZE STARCH,15,
15,POLYSORBATE,16,
16,SUCROSE,17,"InChI=1S/C12H22O11/c13-1-4-6(16)8(18)9(19)11(21-4)23-12(3-15)10(20)7(17)5(2-14)22-12/h4-11,13-20H,1-3H2/t4-,5-,6-,7-,8+,9-,10+,11-,12+/m1/s1"
17,POVIDONE,18,"InChI=1S/C6H9NO/c1-2-7-5-3-4-6(7)8/h2H,1,3-5H2"
18,CROSCARMELLOSE SODIUM,19,"InChI=1S/C6H12O6.C2H4O2.Na/c7-1-3(9)5(11)6(12)4(10)2-8;1-2(3)4;/h1,3-6,8-12H,2H2;1H3,(H,3,4);"
19,GLYCEROL,20,"InChI=1S/C3H8O3/c4-1-3(6)2-5/h3-6H,1-2H2"
20,GELATIN,21,
21,WATER,22,InChI=1S/H2O/h1H2
22,SHELLAC,23,"InChI=1S/C15H20O6.C15H30O5/c1-14(6-16)9-5-15(11(17)4-7(9)12(18)19)8(13(20)21)2-3-10(14)15;16-12-8-4-6-10-14(18)13(17)9-5-2-1-3-7-11-15(19)20/h4,8-11,16-17H,2-3,5-6H2,1H3,(H,18,19)(H,20,21);13-14,16-18H,1-12H2,(H,19,20)/t8-,9-,10?,11-,14+,15?;/m0./s1"
23,ERYTHROSINE,24,"InChI=1S/C20H8I4O5.2Na/c21-11-5-9-17(13(23)15(11)25)28-18-10(6-12(22)16(26)14(18)24)20(9)8-4-2-1-3-7(8)19(27)29-20;;/h1-6,25-26H;;/q;2*+1/p-2"
24,PRINTING INK,25,
25,AMMONIA,26,InChI=1S/H3N/h1H3
26,PROPYLENE GLYCOL,27,"InChI=1S/C3H8O2/c1-3(5)2-4/h3-5H,2H2,1H3"
27,SODIUM LAURIL SULFATE,28,"InChI=1S/C12H26O4S.Na/c1-2-3-4-5-6-7-8-9-10-11-12-16-17(13,14)15;/h2-12H2,1H3,(H,13,14,15);/q;+1/p-1"
28,POTASSIUM HYDROXIDE,29,InChI=1S/K.H2O/h;1H2/q+1;/p-1
29,XYLITOL,30,"InChI=1S/C5H12O5/c6-1-3(8)5(10)4(9)2-7/h3-10H,1-2H2/t3-,4+,5?"
30,GLYCEROL DIBEHENATE,31,"InChI=1S/C47H92O5/c1-3-5-7-9-11-13-15-17-19-21-23-25-27-29-31-33-35-37-39-41-46(49)51-44-45(43-48)52-47(50)42-40-38-36-34-32-30-28-26-24-22-20-18-16-14-12-10-8-6-4-2/h45,48H,3-44H2,1-2H3"
31,LECITHIN,32,"InChI=1S/C42H80NO8P/c1-6-8-10-12-14-16-18-20-21-23-25-27-29-31-33-35-42(45)51-40(39-50-52(46,47)49-37-36-43(3,4)5)38-48-41(44)34-32-30-28-26-24-22-19-17-15-13-11-9-7-2/h14,16,20-21,40H,6-13,15,17-19,22-39H2,1-5H3/b16-14-,21-20-/t40-/m1/s1"
32,POLYVINYL ALCOHOL,33,
33,POLOXAMER,34,"InChI=1S/C3H6O.C2H4O/c1-3-2-4-3;1-2-3-1/h3H,2H2,1H3;1-2H2"
34,CROSPOVIDONE,35,"InChI=1S/C6H13NOP2/c8-5-2-1-3-7(5)6(10)4-9/h6H,1-4,9-10H2"
35,ALPHA-TOCOPHEROL,36,"InChI=1S/C29H50O2/c1-20(2)12-9-13-21(3)14-10-15-22(4)16-11-18-29(8)19-17-26-25(7)27(30)23(5)24(6)28(26)31-29/h20-22,30H,9-19H2,1-8H3/t21-,22-,29-/m1/s1"
36,PROPYLENE CARBONATE,37,"InChI=1S/C4H6O3/c1-3-2-6-4(5)7-3/h3H,2H2,1H3"
37,BUTYLHYDROXYTOLUENE,38,"InChI=1S/C15H24O/c1-10-8-11(14(2,3)4)13(16)12(9-10)15(5,6)7/h8-9,16H,1-7H3"
38,LIQUID PARAFFIN,39,
39,PARAFFIN,40,"InChI=1S/C15H10O7.ClH/c16-7-3-9(17)8-5-12(20)15(22-13(8)4-7)6-1-10(18)14(21)11(19)2-6;/h1-5H,(H5-,16,17,18,19,20,21);1H"
40,WHITE WAX,41,
41,PETROLATUM,42,
42,PONCEAU 4R,43,"InChI=1S/C20H14N2O10S3.3Na/c23-16-7-5-11-9-12(33(24,25)26)10-18(35(30,31)32)19(11)20(16)22-21-15-6-8-17(34(27,28)29)14-4-2-1-3-13(14)15;;;/h1-10,23H,(H,24,25,26)(H,27,28,29)(H,30,31,32);;;/q;3*+1/p-3"
43,ETHYLCELLULOSE,44,"InChI=1S/C20H38O11/c1-6-26-10-12-16(17(27-7-2)18(28-8-3)20(25-5)30-12)31-19-14(23)13(22)15(24-4)11(9-21)29-19/h11-23H,6-10H2,1-5H3"
44,PREGELATINISED STARCH,45,
45,SODIUM CHLORIDE,46,InChI=1S/ClH.Na/h1H;/q;+1/p-1
46,SODIUM ACETATE TRIHYDRATE,47,"InChI=1S/C2H4O2.Na.3H2O/c1-2(3)4;;;;/h1H3,(H,3,4);;3*1H2/q;+1;;;/p-1"
47,ACETIC ACID,48,"InChI=1S/C2H4O2/c1-2(3)4/h1H3,(H,3,4)"
48,MAGNESIUM CHLORIDE HEXAHYDRATE,49,InChI=1S/2ClH.Mg.6H2O/h2*1H;;6*1H2/q;;+2;;;;;;/p-2
49,METHACRYLIC ACID AND ETHYL ACRYLATE CO-POLYMERS,50,
50,BRILLIANT BLUE,51,"InChI=1S/C37H36N2O9S3.2Na/c1-3-38(25-27-9-7-11-33(23-27)49(40,41)42)31-19-15-29(16-20-31)37(35-13-5-6-14-36(35)51(46,47)48)30-17-21-32(22-18-30)39(4-2)26-28-10-8-12-34(24-28)50(43,44)45;;/h5-24H,3-4,25-26H2,1-2H3,(H2-,40,41,42,43,44,45,46,47,48);;/q;2*+1/p-2"
51,METHACRYLIC ACID AND METHYL METHACRYLATE CO-POLYMERS,52,
52,TRIETHYL CITRATE,53,"InChI=1S/C12H20O7/c1-4-17-9(13)7-12(16,11(15)19-6-3)8-10(14)18-5-2/h16H,4-8H2,1-3H3"
53,ASPARTAME,54,"InChI=1S/C14H18N2O5/c1-21-14(20)11(7-9-5-3-2-4-6-9)16-13(19)10(15)8-12(17)18/h2-6,10-11H,7-8,15H2,1H3,(H,16,19)(H,17,18)/t10-,11-/m0/s1"
54,CARBOMER,55,
55,SODIUM HYDROXIDE,56,InChI=1S/Na.H2O/h;1H2/q+1;/p-1
56,TYLOXAPOL,57,"InChI=1S/C14H22O.C2H4O.CH2O/c1-13(2,3)10-14(4,5)11-6-8-12(15)9-7-11;1-2-3-1;1-2/h6-9,15H,10H2,1-5H3;1-2H2;1H2"
57,BORIC ACID,58,InChI=1S/BH3O3/c2-1(3)4/h2-4H
58,BENZALKONIUM CHLORIDE,59,
59,HYDROCHLORIC ACID,60,InChI=1S/ClH/h1H
60,POLYVINYL ALCOHOL PART. HYDROLISED,61,
61,PROPYL GALLATE,62,"InChI=1S/C10H12O5/c1-2-3-15-10(14)6-4-7(11)9(13)8(12)5-6/h4-5,11-13H,2-3H2,1H3"
62,SODIUM STEARYL FUMARATE,63,"InChI=1S/C22H40O4.Na/c1-2-3-4-5-6-7-8-9-10-11-12-13-14-15-16-17-20-26-22(25)19-18-21(23)24;/h18-19H,2-17,20H2,1H3,(H,23,24);/q;+1/p-1/b19-18+;"
63,SODIUM CITRATE,64,"InChI=1S/C6H8O7.3Na/c7-3(8)1-6(13,5(11)12)2-4(9)10;;;/h13H,1-2H2,(H,7,8)(H,9,10)(H,11,12);;;/q;3*+1/p-3"
64,CALCIUM STEARATE,65,"InChI=1S/2C18H36O2.Ca/c2*1-2-3-4-5-6-7-8-9-10-11-12-13-14-15-16-17-18(19)20;/h2*2-17H2,1H3,(H,19,20);/q;;+2/p-2"
65,TROLAMINE,66,"InChI=1S/C6H15NO3/c8-4-1-7(2-5-9)3-6-10/h8-10H,1-6H2"
66,DISTEAROYLPHOSPHATIDYLCHOLINE,67,"InChI=1S/C44H88NO8P/c1-6-8-10-12-14-16-18-20-22-24-26-28-30-32-34-36-43(46)50-40-42(41-52-54(48,49)51-39-38-45(3,4)5)53-44(47)37-35-33-31-29-27-25-23-21-19-17-15-13-11-9-7-2/h42H,6-41H2,1-5H3/p+1/t42-/m1/s1"
67,DISTEAROYLPHOSPHATIDYLGLYCEROL,68,"InChI=1S/C42H83O10P/c1-3-5-7-9-11-13-15-17-19-21-23-25-27-29-31-33-41(45)49-37-40(38-51-53(47,48)50-36-39(44)35-43)52-42(46)34-32-30-28-26-24-22-20-18-16-14-12-10-8-6-4-2/h39-40,43-44H,3-38H2,1-2H3,(H,47,48)"
68,CHOLESTEROL,69,"InChI=1S/C27H46O/c1-18(2)7-6-8-19(3)23-11-12-24-22-10-9-20-17-21(28)13-15-26(20,4)25(22)14-16-27(23,24)5/h9,18-19,21-25,28H,6-8,10-17H2,1-5H3/t19-,21+,22+,23-,24+,25+,26+,27-/m1/s1"
69,COPPER GLUCONATE,70,"InChI=1S/2C6H12O7.Cu/c2*7-1-2(8)3(9)4(10)5(11)6(12)13;/h2*2-5,7-11H,1H2,(H,12,13);/q;;+2/p-2/t2*2-,3-,4+,5-;/m11./s1"
70,CALCIUM HYDROGEN PHOSPHATE,71,"InChI=1S/Ca.H3O4P/c;1-5(2,3)4/h;(H3,1,2,3,4)/q+2;/p-2"
71,MEGLUMINE,72,"InChI=1S/C7H17NO5/c1-8-2-4(10)6(12)7(13)5(11)3-9/h4-13H,2-3H2,1H3/t4-,5+,6+,7+/m0/s1"
72,SUNSET YELLOW,73,"InChI=1S/C16H12N2O7S2.2Na/c19-15-8-1-10-9-13(27(23,24)25)6-7-14(10)16(15)18-17-11-2-4-12(5-3-11)26(20,21)22;;/h1-9,19H,(H,20,21,22)(H,23,24,25);;/q;2*+1/p-2"
73,SUCROSE OCTASULPHATE,74,"InChI=1S/C12H22O35S8/c13-48(14,15)37-1-4-6(43-51(22,23)24)8(45-53(28,29)30)9(46-54(31,32)33)11(40-4)42-12(3-39-50(19,20)21)10(47-55(34,35)36)7(44-52(25,26)27)5(41-12)2-38-49(16,17)18/h4-11H,1-3H2,(H,13,14,15)(H,16,17,18)(H,19,20,21)(H,22,23,24)(H,25,26,27)(H,28,29,30)(H,31,32,33)(H,34,35,36)/t4-,5-,6-,7-,8+,9-,10+,11-,12+/m1/s1"
74,DSPE-MPEG2000,75,"InChI=1S/C45H88NO11P.Na/c1-4-6-8-10-12-14-16-18-20-22-24-26-28-30-32-34-43(47)54-40-42(41-56-58(50,51)55-37-36-46-45(49)53-39-38-52-3)57-44(48)35-33-31-29-27-25-23-21-19-17-15-13-11-9-7-5-2;/h42H,4-41H2,1-3H3,(H,46,49)(H,50,51);/q;+1/p-1/t42-;/m1./s1"
75,HEPES BUFFER,76,
76,12-DISTEAROYL-SN-GLYCERO-3-PHOSPHOCHOLINE,77,"InChI=1S/C44H88NO8P/c1-6-8-10-12-14-16-18-20-22-24-26-28-30-32-34-36-43(46)50-40-42(41-52-54(48,49)51-39-38-45(3,4)5)53-44(47)37-35-33-31-29-27-25-23-21-19-17-15-13-11-9-7-2/h42H,6-41H2,1-5H3/t42-/m1/s1"
77,LACTOSE,78,"InChI=1S/C12H22O11/c13-1-3-5(15)6(16)9(19)12(22-3)23-10-4(2-14)21-11(20)8(18)7(10)17/h3-20H,1-2H2/t3-,4-,5+,6+,7-,8-,9-,10-,11-,12+/m1/s1"
78,ALLURA RED,79,"InChI=1S/C18H16N2O8S2.2Na/c1-10-7-14(16(28-2)9-17(10)30(25,26)27)19-20-18-13-5-4-12(29(22,23)24)8-11(13)3-6-15(18)21;;/h3-9,21H,1-2H3,(H,22,23,24)(H,25,26,27);;/q;2*+1/p-2"
79,AMMONIUM HYDROXIDE,80,InChI=1S/H3N.H2O/h1H3;1H2
80,FLAVOUR,81,
81,NEOHESPERIDIN-DIHYDROCHALCONE,82,"InChI=1S/C28H36O15/c1-11-21(34)23(36)25(38)27(40-11)43-26-24(37)22(35)19(10-29)42-28(26)41-13-8-16(32)20(17(33)9-13)14(30)5-3-12-4-6-18(39-2)15(31)7-12/h4,6-9,11,19,21-29,31-38H,3,5,10H2,1-2H3/t11-,19+,21-,22+,23+,24-,25+,26+,27-,28+/m0/s1"
82,MALTODEXTRIN,83,
83,XANTHAN GUM,84,
84,STEARIC ACID,85,"InChI=1S/C18H36O2/c1-2-3-4-5-6-7-8-9-10-11-12-13-14-15-16-17-18(19)20/h2-17H2,1H3,(H,19,20)"
85,DISODIUM EDETATE,86,"InChI=1S/C10H16N2O8.2Na/c13-7(14)3-11(4-8(15)16)1-2-12(5-9(17)18)6-10(19)20;;/h1-6H2,(H,13,14)(H,15,16)(H,17,18)(H,19,20);;/q;2*+1/p-2"
86,CITRIC ACID,87,"InChI=1S/C6H8O7/c7-3(8)1-6(13,5(11)12)2-4(9)10/h13H,1-2H2,(H,7,8)(H,9,10)(H,11,12)"
87,LOW SUBSTITUTED HYDROXYPROPYL CELLULOSE,88,
88,SUCRALOSE,89,"InChI=1S/C12H19Cl3O8/c13-1-4-7(17)10(20)12(3-14,22-4)23-11-9(19)8(18)6(15)5(2-16)21-11/h4-11,16-20H,1-3H2/t4-,5-,6+,7-,8+,9-,10+,11-,12+/m1/s1"
89,DOCUSATE SODIUM,90,"InChI=1S/C20H38O7S.Na/c1-5-9-11-16(7-3)14-26-19(21)13-18(28(23,24)25)20(22)27-15-17(8-4)12-10-6-2;/h16-18H,5-15H2,1-4H3,(H,23,24,25);/q;+1/p-1"
90,DISODIUM HYDROGEN CITRATE,91,"InChI=1S/C6H8O7.2Na/c7-3(8)1-6(13,5(11)12)2-4(9)10;;/h13H,1-2H2,(H,7,8)(H,9,10)(H,11,12);;/q;2*+1/p-2"
91,SODIUM HYDROGEN CARBONATE,92,"InChI=1S/CH2O3.Na/c2-1(3)4;/h(H2,2,3,4);/q;+1/p-1"
92,SILICIFIED MICROCRYSTALLINE CELLULOSE,93,
93,PHOSPHORIC ACID,94,"InChI=1S/H3O4P/c1-5(2,3)4/h(H3,1,2,3,4)"
94,ETHANOL,95,"InChI=1S/C2H6O/c1-2-3/h3H,2H2,1H3"
95,OPADRY,96,
96,COPOVIDONE,97,
97,VITAMIN E POLYETHYLENE GLYCOL SUCCINATE,98,
98,CARNAUBA WAX,99,
99,HYDROGENATED VEGETABLE OIL,100,
100,DIERUCOYLPHOSPHATIDYLCHOLINE (DEPC),101,"InChI=1S/C52H100NO8P/c1-6-8-10-12-14-16-18-20-22-24-26-28-30-32-34-36-38-40-42-44-51(54)58-48-50(49-60-62(56,57)59-47-46-53(3,4)5)61-52(55)45-43-41-39-37-35-33-31-29-27-25-23-21-19-17-15-13-11-9-7-2/h20-23,50H,6-19,24-49H2,1-5H3/b22-20-,23-21-/t50-/m1/s1"
101,DIPALMITOYLPHOSPHATIDYLGLYCEROL (DPPG),102,"InChI=1S/C38H75O10P.Na/c1-3-5-7-9-11-13-15-17-19-21-23-25-27-29-37(41)45-33-36(34-47-49(43,44)46-32-35(40)31-39)48-38(42)30-28-26-24-22-20-18-16-14-12-10-8-6-4-2;/h35-36,39-40H,3-34H2,1-2H3,(H,43,44);/q;+1/p-1/t35?,36-;/m1./s1"
102,GLYCEROL TRICAPRYLATE,103,"InChI=1S/C27H50O6/c1-4-7-10-13-16-19-25(28)31-22-24(33-27(30)21-18-15-12-9-6-3)23-32-26(29)20-17-14-11-8-5-2/h24H,4-23H2,1-3H3"
103,SODIUM CARBONATE,104,"InChI=1S/CH2O3.2Na/c2-1(3)4;;/h(H2,2,3,4);;/q;2*+1/p-2"
104,LOW-DENSITY PIGMENTED POLYETHYLENE OUTER LAYER,105,
105,NON-WOVEN POLYESTER FABRIC,106,
106,LAURYL LACTATE,107,"InChI=1S/C15H30O3/c1-3-4-5-6-7-8-9-10-11-12-13-18-15(17)14(2)16/h14,16H,3-13H2,1-2H3"
107,POLYISOBUTYLENE/POLYBUTENE ADHESIVE,108,
108,POLYESTER,109,
109,POLYETHYLENE TEREPHTHALATE FILM,110,
110,POLYDIMETHYLSILOXANE,111,
111,TROMETHANIME,112,"InChI=1S/C4H11NO3/c5-4(1-6,2-7)3-8/h6-8H,1-3,5H2"
112,PROPYL PARAHYDROXYBENZOATE,113,"InChI=1S/C10H12O3/c1-2-7-13-10(12)8-3-5-9(11)6-4-8/h3-6,11H,2,7H2,1H3"
113,PHENYLETHYL ALCOHOL,114,"InChI=1S/C8H10O/c9-7-6-8-4-2-1-3-5-8/h1-5,9H,6-7H2"
114,PECTIN,115,
115,HARD FAT,116,
116,TARTARIC ACID,117,"InChI=1S/C4H6O6/c5-1(3(7)8)2(6)4(9)10/h1-2,5-6H,(H,7,8)(H,9,10)"
117,GLYCERYL MONOSTEARATE,118,"InChI=1S/C21H42O4/c1-2-3-4-5-6-7-8-9-10-11-12-13-14-15-16-17-21(24)25-19-20(23)18-22/h20,22-23H,2-19H2,1H3"
118,BUTANOL,119,"InChI=1S/C4H10O/c1-2-3-4-5/h5H,2-4H2,1H3"
119,ISOPROPYL ALCOHOL,120,"InChI=1S/C3H8O/c1-3(2)4/h3-4H,1-2H3"
120,SORBITOL,121,"InChI=1S/C6H14O6/c7-1-3(9)5(11)6(12)4(10)2-8/h3-12H,1-2H2/t3-,4+,5-,6-/m1/s1"
121,GLYCINE HYDROCHLORIDE,122,"InChI=1S/C2H5NO2.ClH/c3-1-2(4)5;/h1,3H2,(H,4,5);1H"
122,SODIUM CALCIUM EDETATE,123,"InChI=1S/C10H16N2O8.Ca.2Na/c13-7(14)3-11(4-8(15)16)1-2-12(5-9(17)18)6-10(19)20;;;/h1-6H2,(H,13,14)(H,15,16)(H,17,18)(H,19,20);;;/q;+2;2*+1/p-4"
123,HYDROGENATED CASTOR OIL,124,
124,HEAVY KAOLIN,125,
125,CALCIUM CARBONATE,126,"InChI=1S/CH2O3.Ca/c2-1(3)4;/h(H2,2,3,4);/q;+2/p-2"
126,ACACIA,127,InChI=1S/6C2H6/c6*1-2/h6*1-2H3
127,AMMONIUM GLYCYRRHIZATE,128,"InChI=1S/C42H62O16.H3N/c1-37(2)21-8-11-42(7)31(20(43)16-18-19-17-39(4,36(53)54)13-12-38(19,3)14-15-41(18,42)6)40(21,5)10-9-22(37)55-35-30(26(47)25(46)29(57-35)33(51)52)58-34-27(48)23(44)24(45)28(56-34)32(49)50;/h16,19,21-31,34-35,44-48H,8-15,17H2,1-7H3,(H,49,50)(H,51,52)(H,53,54);1H3/t19-,21-,22-,23-,24-,25-,26-,27+,28-,29-,30+,31+,34-,35-,38+,39-,40-,41+,42+;/m0./s1"
128,OLEIC ACID,129,"InChI=1S/C18H34O2/c1-2-3-4-5-6-7-8-9-10-11-12-13-14-15-16-17-18(19)20/h9-10H,2-8,11-17H2,1H3,(H,19,20)/b10-9-"
129,MEDIUM CHAIN TRIGLYCERIDES,130,
130,SODIUM CITRATE DIHYDRATE,131,"InChI=1S/C6H8O7.3Na.2H2O/c7-3(8)1-6(13,5(11)12)2-4(9)10;;;;;/h13H,1-2H2,(H,7,8)(H,9,10)(H,11,12);;;;2*1H2/q;3*+1;;/p-3"
131,FRUCTOSE,132,"InChI=1S/C6H12O6/c7-2-6(11)5(10)4(9)3(8)1-12-6/h3-5,7-11H,1-2H2/t3-,4-,5+,6?/m1/s1"
132,SODIUM SACCHARIN,133,"InChI=1S/C7H5NO3S.Na/c9-7-5-3-1-2-4-6(5)12(10,11)8-7;/h1-4H,(H,8,9);/q;+1/p-1"
133,CARMELLOSE SODIUM,134,"InChI=1S/C6H12O6.C2H4O2.Na/c7-1-3(9)5(11)6(12)4(10)2-8;1-2(3)4;/h1,3-6,8-12H,2H2;1H3,(H,3,4);"
134,POLY-LACTIDE-CO-GLYCOLIDE,135,
135,CARMELLOSE CALCIUM,136,
136,BETADEX SULFOBUTYL ETHER SODIUM,137,"InChI=1S/C66H118O53S6.6Na/c67-25-32-53-39(68)46(75)60(106-32)114-54-33(26-100-13-1-7-19-120(82,83)84)108-62(48(77)41(54)70)116-56-35(28-102-15-3-9-21-122(88,89)90)110-64(50(79)43(56)72)118-58-37(30-104-17-5-11-23-124(94,95)96)112-66(52(81)45(58)74)119-59-38(31-105-18-6-12-24-125(97,98)99)111-65(51(80)44(59)73)117-57-36(29-103-16-4-10-22-123(91,92)93)109-63(49(78)42(57)71)115-55-34(107-61(113-53)47(76)40(55)69)27-101-14-2-8-20-121(85,86)87;;;;;;/h32-81H,1-31H2,(H,82,83,84)(H,85,86,87)(H,88,89,90)(H,91,92,93)(H,94,95,96)(H,97,98,99);;;;;;/q;6*+1/p-6/t32-,33-,34-,35-,36-,37-,38-,39-,40-,41-,42-,43-,44-,45-,46-,47-,48-,49-,50-,51-,52-,53-,54-,55-,56-,57-,58-,59-,60-,61-,62-,63-,64-,65-,66-;;;;;;/m1....../s1"
137,SODIUM DIHYDROGEN PHOSPHATE MONOHYDRATE,138,"InChI=1S/Na.H3O4P.H2O/c;1-5(2,3)4;/h;(H3,1,2,3,4);1H2/q+1;;/p-1"
138,"SILICON DIOXIDE, HYDRATED",139,
139,SODIUM METABISULFITE (E223),140,"InChI=1S/2Na.H2O5S2/c;;1-6(2)7(3,4)5/h;;(H,1,2)(H,3,4,5)/q2*+1;/p-2"
140,SIMETHICONE,141,"InChI=1S/C6H18O2Si2.O2Si/c1-7-10(5,6)8-9(2,3)4;1-3-2/h1-6H3;"
141,GLYCEROL MONOSTEARATE,142,"InChI=1S/C21H42O4/c1-2-3-4-5-6-7-8-9-10-11-12-13-14-15-16-17-21(24)25-19-20(23)18-22/h20,22-23H,2-19H2,1H3"
142,METHYLPARAHYDROXYBENZOATE,143,"InChI=1S/C8H8O3/c1-11-8(10)6-2-4-7(9)5-3-6/h2-5,9H,1H3"
143,PHENOXYETHANOL,144,"InChI=1S/C8H10O2/c9-6-7-10-8-4-2-1-3-5-8/h1-5,9H,6-7H2"
144,CETOSTEARYL ALCOHOL,145,"InChI=1S/C18H38O.C16H34O/c1-2-3-4-5-6-7-8-9-10-11-12-13-14-15-16-17-18-19;1-2-3-4-5-6-7-8-9-10-11-12-13-14-15-16-17/h19H,2-18H2,1H3;17H,2-16H2,1H3"
145,MACROGOL CETOSTEARYL ETHER,146,
146,DIMETHICONE,147,
147,POLYETHYLENE GLYCOL STEARATE,148,
148,STEARYL ALCOHOL,149,"InChI=1S/C18H38O/c1-2-3-4-5-6-7-8-9-10-11-12-13-14-15-16-17-18-19/h19H,2-18H2,1H3"
149,MONOTHIOGLYCEROL,150,"InChI=1S/C3H8O2S/c4-1-3(5)2-6/h3-6H,1-2H2"
150,SODIUM SULPHITE,151,"InChI=1S/2Na.H2O3S/c;;1-4(2)3/h;;(H2,1,2,3)/q2*+1;/p-2"
151,BORAX,152,InChI=1S/B4O7.2Na.10H2O/c5-1-7-3-9-2(6)10-4(8-1)11-3;;;;;;;;;;;;/h;;;10*1H2/q-2;2*+1;;;;;;;;;;
152,BENZYL ALCOHOL,153,"InChI=1S/C7H8O/c8-6-7-4-2-1-3-5-7/h1-5,8H,6H2"
153,CASTOR OIL,154,
154,BENZYL BENZOATE,155,"InChI=1S/C14H12O2/c15-14(13-9-5-2-6-10-13)16-11-12-7-3-1-4-8-12/h1-10H,11H2"
155,ACESULFAME POTASSIUM,156,"InChI=1S/C4H5NO4S.K/c1-3-2-4(6)5-10(7,8)9-3;/h2H,1H3,(H,5,6);/q;+1/p-1"
156,DISODIUM HYDROGEN PHOSPHATE DODECAHYDRATE,157,"InChI=1S/2Na.H3O4P.12H2O/c;;1-5(2,3)4;;;;;;;;;;;;/h;;(H3,1,2,3,4);12*1H2/q2*+1;;;;;;;;;;;;;/p-2"
157,CALCIUM CHLORIDE DIHYDRATE,158,InChI=1S/Ca.2ClH.2H2O/h;2*1H;2*1H2/q+2;;;;/p-2
158,POLYVINYL ACETATE PHTHALATE,159,
159,SORBITAN,160,"InChI=1S/C6H12O5/c7-1-3(8)6-5(10)4(9)2-11-6/h3-10H,1-2H2/t3-,4+,5-,6-/m1/s1"
160,MACROGOLGLYCEROL RICINOLEATE,161,
161,MONO/DIGLYCERIDES OF CAPRYLIC/CAPRIC ACID,162,
162,SODIUM BENZOATE,163,"InChI=1S/C7H6O2.Na/c8-7(9)6-4-2-1-3-5-6;/h1-5H,(H,8,9);/q;+1/p-1"
163,DISODIUM HYDROGEN PHOSPHATE,164,"InChI=1S/2Na.H3O4P/c;;1-5(2,3)4/h;;(H3,1,2,3,4)/q2*+1;/p-2"
164,HYPROMELLOSE ACETATE SUCCINATE,165,"InChI=1S/C4H6O4.C3H8O2.C2H4O2.CH4O/c5-3(6)1-2-4(7)8;1-3(5)2-4;1-2(3)4;1-2/h1-2H2,(H,5,6)(H,7,8);3-5H,2H2,1H3;1H3,(H,3,4);2H,1H3"
165,SUCCINIC ACID,166,"InChI=1S/C4H6O4/c5-3(6)1-2-4(7)8/h1-2H2,(H,5,6)(H,7,8)"
166,SOY POLYSACCHARIDES,167,
167,HYDROXYPROPYLBETADEX,168,"InChI=1S/C63H112O42/c1-22(64)8-85-15-29-50-36(71)43(78)57(92-29)100-51-30(16-86-9-23(2)65)94-59(45(80)38(51)73)102-53-32(18-88-11-25(4)67)96-61(47(82)40(53)75)104-55-34(20-90-13-27(6)69)98-63(49(84)42(55)77)105-56-35(21-91-14-28(7)70)97-62(48(83)41(56)76)103-54-33(19-89-12-26(5)68)95-60(46(81)39(54)74)101-52-31(17-87-10-24(3)66)93-58(99-50)44(79)37(52)72/h22-84H,8-21H2,1-7H3/t22?,23?,24?,25?,26?,27?,28?,29-,30-,31-,32-,33-,34-,35-,36-,37-,38-,39-,40-,41-,42-,43-,44-,45-,46-,47-,48-,49-,50-,51-,52-,53-,54-,55-,56-,57-,58-,59-,60-,61-,62-,63-/m1/s1"
168,GLUCOSE,169,"InChI=1S/C6H12O6/c7-1-2-3(8)4(9)5(10)6(11)12-2/h2-11H,1H2/t2-,3-,4+,5-,6?/m1/s1"
169,JUICE,170,
170,PHOSAL 50 PG,171,
171,GLYCEROL MONOOLEATE,172,"InChI=1S/C21H40O4/c1-2-3-4-5-6-7-8-9-10-11-12-13-14-15-16-17-21(24)25-19-20(23)18-22/h9-10,20,22-23H,2-8,11-19H2,1H3/b10-9-"
172,CALCIUM SULFATE,173,"InChI=1S/Ca.H2O4S/c;1-5(2,3)4/h;(H2,1,2,3,4)/q+2;/p-2"
173,ARGININE,174,"InChI=1S/C6H14N4O2/c7-4(5(11)12)2-1-3-10-6(8)9/h4H,1-3,7H2,(H,11,12)(H4,8,9,10)/t4-/m0/s1"
174,DIBASIC SODIUM PHOSPHATE HEPTAHYDRATE,175,"InChI=1S/2Na.H3O4P.7H2O/c;;1-5(2,3)4;;;;;;;/h;;(H3,1,2,3,4);7*1H2/q2*+1;;;;;;;;/p-2"
175,NORFLURANE,176,"InChI=1S/C2H2F4/c3-1-2(4,5)6/h1H2"
176,HYDROPHOBIC COLLOIDAL SILICA,177,
177,MALTITOL,178,"InChI=1S/C12H24O11/c13-1-4(16)7(18)11(5(17)2-14)23-12-10(21)9(20)8(19)6(3-15)22-12/h4-21H,1-3H2/t4-,5+,6+,7+,8+,9-,10+,11+,12+/m0/s1"
178,GLYCEROL MONOCAPRYLOCAPRATE,179,
179,HUMAN ALBUMIN,180,
180,CAPRYLIC ACID,181,"InChI=1S/C8H16O2/c1-2-3-4-5-6-7-8(9)10/h2-7H2,1H3,(H,9,10)"
181,N-ACETYLTRYPTOPHAN,182,"InChI=1S/C13H14N2O3/c1-8(16)15-12(13(17)18)6-9-7-14-11-5-3-2-4-10(9)11/h2-5,7,12,14H,6H2,1H3,(H,15,16)(H,17,18)"
182,CAPRYLOCAPROYL MACROGOL-8 GLYCERIDES,183,
183,BUTYLHYDROXYANISOLE,184,"InChI=1S/2C11H16O2/c1-11(2,3)9-7-8(13-4)5-6-10(9)12;1-11(2,3)9-7-8(12)5-6-10(9)13-4/h2*5-7,12H,1-4H3"
184,POLYOXYL 40 HYDROGENATED CASTOR OIL,185,
185,POLYQUATERNIUM-1,186,
186,MACROGOLGLYCEROL HYDROXYSTEARATE,187,
187,SILICA GEL,188,InChI=1S/O2Si/c1-3-2
188,SORBIC ACID,189,"InChI=1S/C6H8O2/c1-2-3-4-5-6(7)8/h2-5H,1H3,(H,7,8)/b3-2+,5-4+"
189,POLYETHYLENE GLYCOL SORBITAN TRISTEARATE,190,
190,METHYLCELLULOSE,191,"InChI=1S/C20H38O11/c1-21-9-11-13(23-3)15(24-4)18(27-7)20(30-11)31-14-12(10-22-2)29-19(28-8)17(26-6)16(14)25-5/h11-20H,9-10H2,1-8H3/t11?,12?,13?,14-,15?,16?,17?,18?,19?,20+/m1/s1"
191,SULFURIC ACID,192,"InChI=1S/H2O4S/c1-5(2,3)4/h(H2,1,2,3,4)"
192,BENZOIC ACID,193,"InChI=1S/C7H6O2/c8-7(9)6-4-2-1-3-5-6/h1-5H,(H,8,9)"
193,STARCH,194,
194,POTASSIUM SORBATE,195,"InChI=1S/C6H8O2.K/c1-2-3-4-5-6(7)8;/h2-5H,1H3,(H,7,8);/q;+1/p-1/b3-2+,5-4+;"
195,CALCIUM SILICATE,196,"InChI=1S/2Ca.O4Si/c;;1-5(2,3)4/q2*+2;-4"
196,ETHYL VANILLIN,197,"InChI=1S/C9H10O3/c1-2-12-9-5-7(6-10)3-4-8(9)11/h3-6,11H,2H2,1H3"
197,LACTIC ACID,198,"InChI=1S/C3H6O3/c1-2(4)3(5)6/h2,4H,1H3,(H,5,6)"
198,DISPERSIBLE CELLULOSE,199,
199,POTASSIUM DIHYDROGEN PHOSPHATE,200,"InChI=1S/K.H3O4P/c;1-5(2,3)4/h;(H3,1,2,3,4)/q+1;/p-1"
200,SOYBEAN PHOSPHATIDYLCHOLINE,201,"InChI=1S/C42H80NO8P/c1-6-8-10-12-14-16-18-20-21-23-25-27-29-31-33-35-42(45)51-40(39-50-52(46,47)49-37-36-43(3,4)5)38-48-41(44)34-32-30-28-26-24-22-19-17-15-13-11-9-7-2/h14,16,20-21,40H,6-13,15,17-19,22-39H2,1-5H3/b16-14+,21-20+/t40-/m1/s1"
201,SODIUM DIHYDROGEN PHOSPHATE DIHYDRATE,202,"InChI=1S/Na.H3O4P.2H2O/c;1-5(2,3)4;;/h;(H3,1,2,3,4);2*1H2/q+1;;;/p-1"
202,DISODIUM PHOSPHATE DIHYDRATE,203,"InChI=1S/2Na.H3O4P.2H2O/c;;1-5(2,3)4;;/h;;(H3,1,2,3,4);2*1H2/q2*+1;;;/p-2"
203,FUMARIC ACID,204,"InChI=1S/C4H4O4/c5-3(6)1-2-4(7)8/h1-2H,(H,5,6)(H,7,8)/b2-1+"
204,SODIUM CAPRYLATE,205,"InChI=1S/C8H16O2.Na/c1-2-3-4-5-6-7-8(9)10;/h2-7H2,1H3,(H,9,10);/q;+1/p-1"
205,PEPPERMINT FLAVOUR,206,
206,"POLY(DIMETHYLSILOXANE, TRIMETHYLSILYL SILICATE)-COPOLYMERISATE MATRIX",207,
207,SILICONISED ALUMINISED COLOUR-COATED POLYESTER FILM,208,
208,TRANSPARENT FLUOROPOLYMER COATED POLYESTER FILM,209,
209,ASCORBYL PALMITATE,210,"InChI=1S/C22H38O7/c1-2-3-4-5-6-7-8-9-10-11-12-13-14-15-18(24)28-16-17(23)21-19(25)20(26)22(27)29-21/h17,21,23,25-26H,2-16H2,1H3/t17-,21+/m0/s1"
210,SODIUM PROPYL PARAHYDROXYBENZOATE (E217),211,"InChI=1S/C10H12O3.Na/c1-2-7-13-10(12)8-3-5-9(11)6-4-8;/h3-6,11H,2,7H2,1H3;/q;+1/p-1"
211,SODIUM METHYL PARAHYDROXYBENZOATE (E219),212,"InChI=1S/C8H8O3.Na/c1-11-8(10)6-2-4-7(9)5-3-6;/h2-5,9H,1H3;/q;+1/p-1"
212,SODIUM ACETATE,213,"InChI=1S/C2H4O2.Na/c1-2(3)4;/h1H3,(H,3,4);/q;+1/p-1"
213,BETADEX,214,"InChI=1S/C42H70O35/c43-1-8-29-15(50)22(57)36(64-8)72-30-9(2-44)66-38(24(59)17(30)52)74-32-11(4-46)68-40(26(61)19(32)54)76-34-13(6-48)70-42(28(63)21(34)56)77-35-14(7-49)69-41(27(62)20(35)55)75-33-12(5-47)67-39(25(60)18(33)53)73-31-10(3-45)65-37(71-29)23(58)16(31)51/h8-63H,1-7H2/t8-,9-,10-,11-,12-,13-,14-,15-,16-,17-,18-,19-,20-,21-,22-,23-,24-,25-,26-,27-,28-,29-,30-,31-,32-,33-,34-,35-,36-,37-,38-,39-,40-,41-,42-/m1/s1"
214,MONOSODIUM PHOSPHATE MONOHYDRATE,215,"InChI=1S/Na.H3O4P.H2O/c;1-5(2,3)4;/h;(H3,1,2,3,4);1H2/q+1;;/p-1"
215,COLOUR MIXTURE,216,
216,POLACRILIN POTASSIUM,217,"InChI=1S/C10H10.C4H6O2.K/c1-3-9-7-5-6-8-10(9)4-2;1-3(2)4(5)6;/h3-8H,1-2H2;1H2,2H3,(H,5,6);/q;;+1/p-1"
217,CARRAGEENAN,218,
218,POTASSIUM CHLORIDE,219,InChI=1S/ClH.K/h1H;/q;+1/p-1
219,GUAR,220,
220,POTASSIUM ACETATE,221,"InChI=1S/C2H4O2.K/c1-2(3)4;/h1H3,(H,3,4);/q;+1/p-1"
221,GELLAN GUM,222,
222,MAGNESIUM CITRATE,223,"InChI=1S/2C6H8O7.3Mg/c2*7-3(8)1-6(13,5(11)12)2-4(9)10;;;/h2*13H,1-2H2,(H,7,8)(H,9,10)(H,11,12);;;/q;;3*+2/p-6"
223,CELLULOSE ACETATE,224,"InChI=1S/C10H16O8/c1-4(11)16-3-6-7(13)8(14)9(10(15)18-6)17-5(2)12/h6-10,13-15H,3H2,1-2H3/t6-,7-,8+,9-,10-/m1/s1"
224,HYDROXYETHYLCELLULOSE,225,"InChI=1S/C36H70O19/c1-19(37)9-45-17-27-29(47-11-21(3)39)31(48-12-22(4)40)34(51-15-25(7)43)36(54-27)55-30-28(18-46-10-20(2)38)53-35(52-16-26(8)44)33(50-14-24(6)42)32(30)49-13-23(5)41/h19-44H,9-18H2,1-8H3"
225,POLYDEXTROSE,226,
226,NITROGEN,227,InChI=1S/N2/c1-2
227,DIMETHYLACETAMIDE,228,InChI=1S/C4H9NO/c1-4(6)5(2)3/h1-3H3
228,SODIUM ASCORBATE,229,"InChI=1S/C6H8O6.Na/c7-1-2(8)5-3(9)4(10)6(11)12-5;/h2,5,7-10H,1H2;/q;+1/p-1/t2-,5+;/m0./s1"
229,ASCORBIC ACID,230,"InChI=1S/C6H8O6/c7-1-2(8)5-3(9)4(10)6(11)12-5/h2,5,7-10H,1H2/t2-,5+/m0/s1"
230,STEARATE EMULSIFIERS,231,
231,MALTOL,232,"InChI=1S/C6H6O3/c1-4-6(8)5(7)2-3-9-4/h2-3,8H,1H3"
232,EGG PHOSPHATIDYLGLYCEROL,233,
233,DIMYRISTOYL PHOSPHATIDYLCHOLINE,234,"InChI=1S/C36H72NO8P/c1-6-8-10-12-14-16-18-20-22-24-26-28-35(38)42-32-34(33-44-46(40,41)43-31-30-37(3,4)5)45-36(39)29-27-25-23-21-19-17-15-13-11-9-7-2/h34H,6-33H2,1-5H3/t34-/m1/s1"
234,TARTRAZINE,235,"InChI=1S/C16H12N4O9S2.3Na/c21-15-13(18-17-9-1-5-11(6-2-9)30(24,25)26)14(16(22)23)19-20(15)10-3-7-12(8-4-10)31(27,28)29;;;/h1-8,13H,(H,22,23)(H,24,25,26)(H,27,28,29);;;/q;3*+1/p-3"
235,POLYETHYLENE OXIDE,236,
236,RIBOFLAVIN,237,"InChI=1S/C17H20N4O6/c1-7-3-9-10(4-8(7)2)21(5-11(23)14(25)12(24)6-22)15-13(18-9)16(26)20-17(27)19-15/h3-4,11-12,14,22-25H,5-6H2,1-2H3,(H,20,26,27)/t11-,12+,14-/m0/s1"
237,POTASSIUM CITRATE,238,"InChI=1S/C6H8O7.3K/c7-3(8)1-6(13,5(11)12)2-4(9)10;;;/h13H,1-2H2,(H,7,8)(H,9,10)(H,11,12);;;/q;3*+1/p-3"
238,SODIUM GLUCONATE,239,"InChI=1S/C6H12O7.Na/c7-1-2(8)3(9)4(10)5(11)6(12)13;/h2-5,7-11H,1H2,(H,12,13);/q;+1/p-1/t2-,3-,4+,5-;/m1./s1"
239,MAGNESIUM SULPHATE,240,"InChI=1S/Mg.H2O4S/c;1-5(2,3)4/h;(H2,1,2,3,4)/q+2;/p-2"
240,CALCIUM CHLORIDE,241,InChI=1S/Ca.2ClH/h;2*1H/q+2;;/p-2
241,CARMINE,242,"InChI=1S/C22H20O13/c1-4-8-5(2-6(24)9(4)22(33)34)13(25)10-11(15(8)27)16(28)12(18(30)17(10)29)21-20(32)19(31)14(26)7(3-23)35-21/h2,7,14,19-21,23-24,26,28-32H,3H2,1H3,(H,33,34)"
242,POLACRILIN,243,
243,ROSIN ESTER,244,
244,SILVER CHLORIDE,245,InChI=1S/Ag.ClH/h;1H/q+1;/p-1
245,POLYBUTENE,246,
246,POLYISOBUTYLENE,247,
247,SILVER FOIL,248,InChI=1S/Ag
248,ELECTRICALLY CONDUCTIVE ADHESIVE TAPE,249,
249,CETYLPYRIDINIUM CHLORIDE,250,"InChI=1S/C21H38N.ClH/c1-2-3-4-5-6-7-8-9-10-11-12-13-14-16-19-22-20-17-15-18-21-22;/h15,17-18,20-21H,2-14,16,19H2,1H3;1H/q+1;/p-1"
250,POLYESTER FILM COATED ON ONE SIDE WITH SILICONE,251,
251,GLYCOL-MODIFIED POLYETHYLENE TEREPHTHALATE,252,
252,CALCIUM HYDROXIDE,253,InChI=1S/Ca.2H2O/h;2*1H2/q+2;;/p-2
253,PARTIALLY PREGELATINISED MAIZE STARCH,254,
254,QUINOLINE YELLOW,255,"InChI=1S/C18H11NO2/c20-17-12-6-2-3-7-13(12)18(21)16(17)15-10-9-11-5-1-4-8-14(11)19-15/h1-10,16H"
255,POLYGLUCOSE SORBITOL CARBOXYMETHYLETHER,256,
256,CALCIUM-EDTMP SODIUM SALT,257,
257,EDTMP HYDRATE,258,
258,SILICONE OIL,259,
259,ISOPROPYL MYRISTATE,260,"InChI=1S/C17H34O2/c1-4-5-6-7-8-9-10-11-12-13-14-15-17(18)19-16(2)3/h16H,4-15H2,1-3H3"
260,ACRYLATE COPOLYMER ADHESIVE,261,
261,ETHYL VINYL ACETATE,262,
262,SUCROSE PALMITATE,263,"InChI=1S/C28H52O12/c1-2-3-4-5-6-7-8-9-10-11-12-13-14-15-21(31)37-17-20-22(32)24(34)25(35)27(38-20)40-28(18-30)26(36)23(33)19(16-29)39-28/h19-20,22-27,29-30,32-36H,2-18H2,1H3/t19-,20-,22-,23-,24+,25-,26+,27-,28+/m1/s1"
263,DIBASIC POTASSIUM PHOSPHATE,264,"InChI=1S/2K.H3O4P/c;;1-5(2,3)4/h;;(H3,1,2,3,4)/q2*+1;/p-2"
264,POLYETHOXYLATE STEARATE,265,
265,SULPHUR DIOXIDE,266,InChI=1S/O2S/c1-3-2
266,LATOLRUBINE BK,267,
267,TRANSLUCENT POLYETHYLENE BACKING FILM,268,
268,COPPER PHTHALOCYANINE BLUE PIGMENT,269,
269,ACRYLIC COPOLYMER ADHESIVE,270,
270,SORBITAN MONOOLEATE,271,"InChI=1S/C24H44O6/c1-2-3-4-5-6-7-8-9-10-11-12-13-14-15-16-17-22(27)29-19-21(26)24-23(28)20(25)18-30-24/h9-10,20-21,23-26,28H,2-8,11-19H2,1H3/b10-9-/t20-,21+,23+,24+/m0/s1"
271,SILICONISED POLYESTER FILM,272,
272,FOSVESET,273,"InChI=1S/C33H44N3O14P/c37-28(38)18-34(15-16-35(19-29(39)40)20-30(41)42)17-26(36(21-31(43)44)22-32(45)46)23-49-51(47,48)50-27-11-13-33(14-12-27,24-7-3-1-4-8-24)25-9-5-2-6-10-25/h1-10,26-27H,11-23H2,(H,37,38)(H,39,40)(H,41,42)(H,43,44)(H,45,46)(H,47,48)/t26-/m1/s1"
273,MENTHOL,274,"InChI=1S/C10H20O/c1-7(2)9-5-4-8(3)6-10(9)11/h7-11H,4-6H2,1-3H3"
274,MONOSODIUM PHOSPHATE,275,"InChI=1S/Na.H3O4P/c;1-5(2,3)4/h;(H3,1,2,3,4)/q+1;/p-1"
275,POLYOXYL CASTOR OIL,276,
276,METHIONINE,277,"InChI=1S/C5H11NO2S/c1-9-3-2-4(6)5(7)8/h4H,2-3,6H2,1H3,(H,7,8)/t4-/m0/s1"
277,MICA,278,InChI=1S/6Al.2FH.2K.6O2Si.H2O.9O/c;;;;;;;;;;6*1-3-2;;;;;;;;;;/h;;;;;;2*1H;;;;;;;;;1H2;;;;;;;;;/q6*+3;;;2*+1;;;;;;;;9*-2/p-2
278,SORBITAN MONOLAURATE,279,"InChI=1S/C18H34O6/c1-2-3-4-5-6-7-8-9-10-11-16(21)23-13-15(20)18-17(22)14(19)12-24-18/h14-15,17-20,22H,2-13H2,1H3/t14-,15?,17+,18+/m0/s1"
279,ETHYL BENZOATE,280,"InChI=1S/C9H10O2/c1-2-11-9(10)8-6-4-3-5-7-8/h3-7H,2H2,1H3"
280,SODIUM ETHYL PARAHYDROXYBENZOATE (E215),281,"InChI=1S/C9H10O3.Na/c1-2-12-9(11)7-3-5-8(10)6-4-7;/h3-6,10H,2H2,1H3;/q;+1/p-1"
281,MAGNASWEET-110 FLAVOUR,282,
282,FLAVOURETHYL MALTOL,283,
283,VANILLIN,284,"InChI=1S/C8H8O3/c1-11-8-4-6(5-9)2-3-7(8)10/h2-5,10H,1H3"
284,HIGH FRUCTOSE CORN SYRUP,285,
285,PEPPERMINT OIL,286,
286,P-HYDROXYBENZALDEHYDE,287,"InChI=1S/C7H6O2/c8-5-6-1-3-7(9)4-2-6/h1-5,9H"
287,LEVOMENTHOL,288,"InChI=1S/C10H20O/c1-7(2)9-5-4-8(3)6-10(9)11/h7-11H,4-6H2,1-3H3/t8-,9+,10-/m1/s1"
288,P-HYDROXYBENZOIC ACID,289,"InChI=1S/C7H6O3/c8-6-3-1-5(2-4-6)7(9)10/h1-4,8H,(H,9,10)"
289,DIHYDROCOUMARIN,290,"InChI=1S/C9H8O2/c10-9-6-5-7-3-1-2-4-8(7)11-9/h1-4H,5-6H2"
290,ACETOIN,291,"InChI=1S/C4H8O2/c1-3(5)4(2)6/h3,5H,1-2H3"
291,VANILLIC ACID,292,"InChI=1S/C8H8O4/c1-12-7-4-5(8(10)11)2-3-6(7)9/h2-4,9H,1H3,(H,10,11)"
292,HELIOTROPIN,293,"InChI=1S/C8H6O3/c9-4-6-1-2-7-8(3-6)11-5-10-7/h1-4H,5H2"
293,DISODIUM HYDROGEN PHOSPHATE ANHYDROUS,294,"InChI=1S/2Na.H3O4P/c;;1-5(2,3)4/h;;(H3,1,2,3,4)/q2*+1;/p-2"
294,SODIUM ALUMINIUM SILICATE,295,
295,MODIFIED STARCH,296,
296,GENTISIC ACID,297,"InChI=1S/C7H6O4/c8-4-1-2-6(9)5(3-4)7(10)11/h1-3,8-9H,(H,10,11)"
297,MACROGOL POLY (VINYL ALCOHOL) GRAFTED COPOLYMER,298,
298,METACRESOL,299,"InChI=1S/C7H8O/c1-6-3-2-4-7(8)5-6/h2-5,8H,1H3"
299,POLYMETHACRYLATES,300,
300,L-TARTARIC ACID,301,"InChI=1S/C4H6O6/c5-1(3(7)8)2(6)4(9)10/h1-2,5-6H,(H,7,8)(H,9,10)/t1-,2-/m1/s1"
301,2-DISTEAROYL-SN-GLYCERO-3-PHOSPHOCHOLINE,302,"InChI=1S/C44H88NO8P/c1-6-8-10-12-14-16-18-20-22-24-26-28-30-32-34-36-43(46)50-40-42(41-52-54(48,49)51-39-38-45(3,4)5)53-44(47)37-35-33-31-29-27-25-23-21-19-17-15-13-11-9-7-2/h42H,6-41H2,1-5H3/t42-/m1/s1"
302,POTASSIUM ALUMINIUM SILICATE,303,
303,ISOMALT,304,"InChI=1S/C12H24O11/c13-1-4(15)7(17)8(18)5(16)3-22-12-11(21)10(20)9(19)6(2-14)23-12/h4-21H,1-3H2/t4?,5-,6-,7-,8-,9-,10+,11-,12+/m1/s1"
304,DISODIUM EDETATE DIHYDRATE,305,"InChI=1S/C10H16N2O8.2Na.2H2O/c13-7(14)3-11(4-8(15)16)1-2-12(5-9(17)18)6-10(19)20;;;;/h1-6H2,(H,13,14)(H,15,16)(H,17,18)(H,19,20);;;2*1H2/q;2*+1;;/p-2"
305,N-(13-CIS-RETINOYL)-L-CYSTEIC ACID METHYL ESTER SODIUM SALT,306,"InChI=1S/C24H35NO6S.Na/c1-17(12-13-20-19(3)11-8-14-24(20,4)5)9-7-10-18(2)15-22(26)25-21(23(27)31-6)16-32(28,29)30;/h7,9-10,12-13,15,21H,8,11,14,16H2,1-6H3,(H,25,26)(H,28,29,30);/q;+1/p-1/b10-7+,13-12+,17-9+,18-15-;/t21-;/m0./s1"
306,N-(ALL-TRANS-RETINOYL)-L-CYSTEIC ACID METHYL ESTER SODIUM SALT,307,"InChI=1S/C24H35NO6S.Na/c1-17(12-13-20-19(3)11-8-14-24(20,4)5)9-7-10-18(2)15-22(26)25-21(23(27)31-6)16-32(28,29)30;/h7,9-10,12-13,15,21H,8,11,14,16H2,1-6H3,(H,25,26)(H,28,29,30);/q;+1/p-1/b10-7+,13-12+,17-9+,18-15+;/t21-;/m0./s1"
307,SODIUM DIHYDROGEN PHOSPHATE,308,"InChI=1S/Na.H3O4P/c;1-5(2,3)4/h;(H3,1,2,3,4)/q+1;/p-1"
308,CALCIUM HYDROGEN PHOSPHATE DIHYDRATE,309,"InChI=1S/Ca.H3O4P.2H2O/c;1-5(2,3)4;;/h;(H3,1,2,3,4);2*1H2/q+2;;;/p-2"
309,DIETHYLENE GLYCOL MONOETHYL ETHER,310,"InChI=1S/C6H14O3/c1-2-8-5-6-9-4-3-7/h7H,2-6H2,1H3"
310,MALTOSE,311,"InChI=1S/C12H22O11/c13-1-3-5(15)6(16)9(19)12(22-3)23-10-4(2-14)21-11(20)8(18)7(10)17/h3-20H,1-2H2/t3-,4-,5-,6+,7-,8-,9-,10-,11-,12-/m1/s1"
311,SUCROSE LAURIC ACID ESTERS,312,
312,AMMONIUM SULPHATE,313,"InChI=1S/2H3N.H2O4S/c;;1-5(2,3)4/h2*1H3;(H2,1,2,3,4)"
313,HYDROGENATED SOY PHOSPHATIDYLCHOLINE,314,
314,HISTIDINE,315,"InChI=1S/C6H9N3O2/c7-5(6(10)11)1-4-2-8-3-9-4/h2-3,5H,1,7H2,(H,8,9)(H,10,11)/t5-/m0/s1"
315,FULLY HYDROGENATED SOY PHOSPHATIDYLCHOLINE (HSPC),316,
316,DIETHYL PHTHALATE,317,"InChI=1S/C12H14O4/c1-3-15-11(13)9-7-5-6-8-10(9)12(14)16-4-2/h5-8H,3-4H2,1-2H3"
317,HYPROMELLOSE PHTHALATE,318,
318,DIBUTYLSEBACATE,319,"InChI=1S/C18H34O4/c1-3-5-15-21-17(19)13-11-9-7-8-10-12-14-18(20)22-16-6-4-2/h3-16H2,1-2H3"
319,POLYVINYLPYRROLIDONE-VINYL ACETATE COPOLYMER,320,
320,"1,2-DISTEAROYL-SN-GLYCERO-3-PHOSPHOCHOLINE",321,"InChI=1S/C44H88NO8P/c1-6-8-10-12-14-16-18-20-22-24-26-28-30-32-34-36-43(46)50-40-42(41-52-54(48,49)51-39-38-45(3,4)5)53-44(47)37-35-33-31-29-27-25-23-21-19-17-15-13-11-9-7-2/h42H,6-41H2,1-5H3/t42-/m1/s1"
321,GLYCEROL DIOLEATE,322,
322,CALCIUM SULFATE DIHYDRATE,323,"InChI=1S/Ca.H2O4S.2H2O/c;1-5(2,3)4;;/h;(H2,1,2,3,4);2*1H2/q+2;;;/p-2"
323,DIPALMITOYLPHOSPHATIDYLCHOLINE (DPPC),324,
324,CETYL ALCOHOL,325,"InChI=1S/C16H34O/c1-2-3-4-5-6-7-8-9-10-11-12-13-14-15-16-17/h17H,2-16H2,1H3"
325,MAIZE OIL MONO-DI-TRIGLYCERIDES,326,
326,CYSTEINE HYDROCHLORIDE,327,"InChI=1S/C3H7NO2S.ClH/c4-2(1-7)3(5)6;/h2,7H,1,4H2,(H,5,6);1H"
327,SORBITAN STEARATE,328,"InChI=1S/C24H46O6/c1-2-3-4-5-6-7-8-9-10-11-12-13-14-15-16-17-22(27)29-19-21(26)24-23(28)20(25)18-30-24/h20-21,23-26,28H,2-19H2,1H3"
328,ISOSTEARIC ACID,329,"InChI=1S/C18H36O2/c1-17(2)15-13-11-9-7-5-3-4-6-8-10-12-14-16-18(19)20/h17H,3-16H2,1-2H3,(H,19,20)"
329,LAUROYL MACROGOLGLYCERIDES TYPE 1500,330,
330,MALIC ACID,331,"InChI=1S/C4H6O5/c5-2(4(8)9)1-3(6)7/h2,5H,1H2,(H,6,7)(H,8,9)"
331,REFINED SESAME OIL,332,
332,CHLOROPHYLLIN,333,
333,MAGNESIUM OXIDE,334,InChI=1S/Mg.O
334,DPPA,335,"InChI=1S/C35H69O8P.Na/c1-3-5-7-9-11-13-15-17-19-21-23-25-27-29-34(36)41-31-33(32-42-44(38,39)40)43-35(37)30-28-26-24-22-20-18-16-14-12-10-8-6-4-2;/h33H,3-32H2,1-2H3,(H2,38,39,40);/q;+1/p-1/t33-;/m1./s1"
335,DISODIUM HYDROGEN PHOSPHATE HEPTAHYDRATE,336,"InChI=1S/2Na.H3O4P.7H2O/c;;1-5(2,3)4;;;;;;;/h;;(H3,1,2,3,4);7*1H2/q2*+1;;;;;;;;/p-2"
336,DIPALMITOYLPHOSPHATIDYLCHOLINE,337,"InChI=1S/C40H80NO8P/c1-6-8-10-12-14-16-18-20-22-24-26-28-30-32-39(42)46-36-38(37-48-50(44,45)47-35-34-41(3,4)5)49-40(43)33-31-29-27-25-23-21-19-17-15-13-11-9-7-2/h38H,6-37H2,1-5H3/t38-/m1/s1"
337,MPEG5000 DPPE,338,
338,CELLULOSE POWDERED,339,
339,THREONINE,340,"InChI=1S/C4H9NO3/c1-2(6)3(5)4(7)8/h2-3,6H,5H2,1H3,(H,7,8)/t2-,3+/m1/s1"
340,FLUOROPOLYMER-COATED POLYESTER,341,
341,SILICONE ADHESIVES,342,
342,FLUOROPOLYMER-COATED POLYESTER FILM,343,
343,PALMITIC ACID,344,"InChI=1S/C16H32O2/c1-2-3-4-5-6-7-8-9-10-11-12-13-14-15-16(17)18/h2-15H2,1H3,(H,17,18)"
344,DIPALMITOYLPHOSPHATIDYLGLYCEROL SODIUM,345,"InChI=1S/C38H75O10P/c1-3-5-7-9-11-13-15-17-19-21-23-25-27-29-37(41)45-33-36(34-47-49(43,44)46-32-35(40)31-39)48-38(42)30-28-26-24-22-20-18-16-14-12-10-8-6-4-2/h35-36,39-40H,3-34H2,1-2H3,(H,43,44)"
345,CLEAR POLYESTER/ETHYLENE-VINYL ACETATE (PET/EVA),346,
346,SILICONISED POLYESTER,347,
347,DIMETHYL SULFOXIDE (DMSO),348,InChI=1S/C2H6OS/c1-4(2)3/h1-2H3
348,CARMINIC ACID,349,"InChI=1S/C22H20O13/c1-4-8-5(2-6(24)9(4)22(33)34)13(25)10-11(15(8)27)16(28)12(18(30)17(10)29)21-20(32)19(31)14(26)7(3-23)35-21/h2,7,14,19-21,23-24,26,28-32H,3H2,1H3,(H,33,34)/t7-,14-,19+,20-,21+/m1/s1"
349,PATENT BLUE V,350,"InChI=1S/2C27H32N2O7S2.Ca/c2*1-5-28(6-2)21-13-9-19(10-14-21)27(20-11-15-22(16-12-20)29(7-3)8-4)23-17-24(30)26(38(34,35)36)18-25(23)37(31,32)33;/h2*9-18H,5-8H2,1-4H3,(H2-,30,31,32,33,34,35,36);/q;;+2/p-2"
350,MACROGOL POLY(VINYL ALCOHOL) GRAFTED COPOLYMER,351,
351,STRAWBERRY AROMA,352,
352,PROPYLENE GLYCOL MONOLAURATE,353,
353,TRIOLEIN,354,"InChI=1S/C57H104O6/c1-4-7-10-13-16-19-22-25-28-31-34-37-40-43-46-49-55(58)61-52-54(63-57(60)51-48-45-42-39-36-33-30-27-24-21-18-15-12-9-6-3)53-62-56(59)50-47-44-41-38-35-32-29-26-23-20-17-14-11-8-5-2/h25-30,54H,4-24,31-53H2,1-3H3/b28-25-,29-26-,30-27-"
354,DIOLEOYLPHOSPHATIDYLCHOLINE (DOPC),355,"InChI=1S/C44H84NO8P/c1-6-8-10-12-14-16-18-20-22-24-26-28-30-32-34-36-43(46)50-40-42(41-52-54(48,49)51-39-38-45(3,4)5)53-44(47)37-35-33-31-29-27-25-23-21-19-17-15-13-11-9-7-2/h20-23,42H,6-19,24-41H2,1-5H3/b22-20-,23-21-"
355,ETHYL PARAHYDROXYBENZOATE,356,"InChI=1S/C9H10O3/c1-2-12-9(11)7-3-5-8(10)6-4-7/h3-6,10H,2H2,1H3"
356,COTTONSEED OIL,357,
357,HYDROGENATED COTTONSEED OIL,358,
358,ACRYLATE-VINYLACETATE COPOLYMER,359,
359,MAGNESIUM  STEARATE,360,"InChI=1S/2C18H36O2.Mg/c2*1-2-3-4-5-6-7-8-9-10-11-12-13-14-15-16-17-18(19)20;/h2*2-17H2,1H3,(H,19,20);/q;;+2/p-2"
360,DETOSU/TRIETHYLENE GLYCOL/TRIETHYLENE GLYCOL POLYGLYCOLIDE COPOLYMER,361,
361,MALEIC ACID,362,"InChI=1S/C4H4O4/c5-3(6)1-2-4(7)8/h1-2H,(H,5,6)(H,7,8)/b2-1-"
362,PHOSPHATIDYLCHOLINE,363,
363,SODIUM DIHYDROGEN CITRATE,364,"InChI=1S/C6H8O7.Na/c7-3(8)1-6(13,5(11)12)2-4(9)10;/h13H,1-2H2,(H,7,8)(H,9,10)(H,11,12);/q;+1/p-1"
364,POLYVINYL ACETATE,365,
365,L-LYSINE,366,"InChI=1S/C6H14N2O2/c7-4-2-1-3-5(8)6(9)10/h5H,1-4,7-8H2,(H,9,10)/t5-/m0/s1"
366,POLYGLYCEROL OLEATE,367,
367,METHYLMETHACRYLATE,368,"InChI=1S/C5H8O2/c1-4(2)5(6)7-3/h1H2,2-3H3"
368,CORN MINT OIL,369,
369,ETHYLENE VINYL ACETATE COPOLYMER,370,
